"orderID";"customerID";"employeeID";"orderDate";"requiredDate";"shippedDate";"shipVia";"freight"
10248;"VINET";5;"1996-07-04";"1996-08-01";"1996-07-16";3;3238.0
10249;"TOMSP";6;"1996-07-05";"1996-08-16";"1996-07-10";1;1161.0
10250;"HANAR";4;"1996-07-08";"1996-08-05";"1996-07-12";2;6583.0
10251;"VICTE";3;"1996-07-08";"1996-08-05";"1996-07-15";1;4134.0
10252;"SUPRD";4;"1996-07-09";"1996-08-06";"1996-07-11";2;513.0
10253;"HANAR";3;"1996-07-10";"1996-07-24";"1996-07-16";2;5817.0
10254;"CHOPS";5;"1996-07-11";"1996-08-08";"1996-07-23";2;2298.0
10255;"RICSU";9;"1996-07-12";"1996-08-09";"1996-07-15";3;14833.0
10256;"WELLI";3;"1996-07-15";"1996-08-12";"1996-07-17";2;1397.0
10257;"HILAA";4;"1996-07-16";"1996-08-13";"1996-07-22";3;8191.0
10258;"ERNSH";1;"1996-07-17";"1996-08-14";"1996-07-23";1;14051.0
10259;"CENTC";4;"1996-07-18";"1996-08-15";"1996-07-25";3;325.0
10260;"OTTIK";4;"1996-07-19";"1996-08-16";"1996-07-29";1;5509.0
10261;"QUEDE";4;"1996-07-19";"1996-08-16";"1996-07-30";2;305.0
10262;"RATTC";8;"1996-07-22";"1996-08-19";"1996-07-25";3;4829.0
10263;"ERNSH";9;"1996-07-23";"1996-08-20";"1996-07-31";3;14606.0
10264;"FOLKO";6;"1996-07-24";"1996-08-21";"1996-08-23";3;367.0
10265;"BLONP";2;"1996-07-25";"1996-08-22";"1996-08-12";1;5528.0
10266;"WARTH";3;"1996-07-26";"1996-09-06";"1996-07-31";3;2573.0
10267;"FRANK";4;"1996-07-29";"1996-08-26";"1996-08-06";1;20858.0
10268;"GROSR";8;"1996-07-30";"1996-08-27";"1996-08-02";3;6629.0
10269;"WHITC";5;"1996-07-31";"1996-08-14";"1996-08-09";1;456.0
10270;"WARTH";1;"1996-08-01";"1996-08-29";"1996-08-02";1;13654.0
10271;"SPLIR";6;"1996-08-01";"1996-08-29";"1996-08-30";2;454.0
10272;"RATTC";6;"1996-08-02";"1996-08-30";"1996-08-06";2;9803.0
10273;"QUICK";3;"1996-08-05";"1996-09-02";"1996-08-12";3;7607.0
10274;"VINET";6;"1996-08-06";"1996-09-03";"1996-08-16";1;601.0
10275;"MAGAA";1;"1996-08-07";"1996-09-04";"1996-08-09";1;2693.0
10276;"TORTU";8;"1996-08-08";"1996-08-22";"1996-08-14";3;1384.0
10277;"MORGK";2;"1996-08-09";"1996-09-06";"1996-08-13";3;12577.0
10278;"BERGS";8;"1996-08-12";"1996-09-09";"1996-08-16";2;9269.0
10279;"LEHMS";8;"1996-08-13";"1996-09-10";"1996-08-16";2;2583.0
10280;"BERGS";2;"1996-08-14";"1996-09-11";"1996-09-12";1;898.0
10281;"ROMEY";4;"1996-08-14";"1996-08-28";"1996-08-21";1;294.0
10282;"ROMEY";4;"1996-08-15";"1996-09-12";"1996-08-21";1;1269.0
10283;"LILAS";3;"1996-08-16";"1996-09-13";"1996-08-23";3;8481.0
10284;"LEHMS";4;"1996-08-19";"1996-09-16";"1996-08-27";1;7656.0
10285;"QUICK";1;"1996-08-20";"1996-09-17";"1996-08-26";2;7683.0
10286;"QUICK";8;"1996-08-21";"1996-09-18";"1996-08-30";3;22924.0
10287;"RICAR";8;"1996-08-22";"1996-09-19";"1996-08-28";3;1276.0
10288;"REGGC";4;"1996-08-23";"1996-09-20";"1996-09-03";1;745.0
10289;"BSBEV";7;"1996-08-26";"1996-09-23";"1996-08-28";3;2277.0
10290;"COMMI";8;"1996-08-27";"1996-09-24";"1996-09-03";1;797.0
10291;"QUEDE";6;"1996-08-27";"1996-09-24";"1996-09-04";2;64.0
10292;"TRADH";1;"1996-08-28";"1996-09-25";"1996-09-02";2;135.0
10293;"TORTU";1;"1996-08-29";"1996-09-26";"1996-09-11";3;2118.0
10294;"RATTC";4;"1996-08-30";"1996-09-27";"1996-09-05";2;14726.0
10295;"VINET";2;"1996-09-02";"1996-09-30";"1996-09-10";2;115.0
10296;"LILAS";6;"1996-09-03";"1996-10-01";"1996-09-11";1;12.0
10297;"BLONP";5;"1996-09-04";"1996-10-16";"1996-09-10";2;574.0
10298;"HUNGO";6;"1996-09-05";"1996-10-03";"1996-09-11";2;16822.0
10299;"RICAR";4;"1996-09-06";"1996-10-04";"1996-09-13";2;2976.0
10300;"MAGAA";2;"1996-09-09";"1996-10-07";"1996-09-18";2;1768.0
10301;"WANDK";8;"1996-09-09";"1996-10-07";"1996-09-17";2;4508.0
10302;"SUPRD";4;"1996-09-10";"1996-10-08";"1996-10-09";2;627.0
10303;"GODOS";7;"1996-09-11";"1996-10-09";"1996-09-18";2;10783.0
10304;"TORTU";1;"1996-09-12";"1996-10-10";"1996-09-17";2;6379.0
10305;"OLDWO";8;"1996-09-13";"1996-10-11";"1996-10-09";3;25762.0
10306;"ROMEY";1;"1996-09-16";"1996-10-14";"1996-09-23";3;756.0
10307;"LONEP";2;"1996-09-17";"1996-10-15";"1996-09-25";2;56.0
10308;"ANATR";7;"1996-09-18";"1996-10-16";"1996-09-24";3;161.0
10309;"HUNGO";3;"1996-09-19";"1996-10-17";"1996-10-23";1;473.0
10310;"THEBI";8;"1996-09-20";"1996-10-18";"1996-09-27";2;1752.0
10311;"DUMON";1;"1996-09-20";"1996-10-04";"1996-09-26";3;2469.0
10312;"WANDK";2;"1996-09-23";"1996-10-21";"1996-10-03";2;4026.0
10313;"QUICK";2;"1996-09-24";"1996-10-22";"1996-10-04";2;196.0
10314;"RATTC";1;"1996-09-25";"1996-10-23";"1996-10-04";2;7416.0
10315;"ISLAT";4;"1996-09-26";"1996-10-24";"1996-10-03";2;4176.0
10316;"RATTC";1;"1996-09-27";"1996-10-25";"1996-10-08";3;15015.0
10317;"LONEP";6;"1996-09-30";"1996-10-28";"1996-10-10";1;1269.0
10318;"ISLAT";8;"1996-10-01";"1996-10-29";"1996-10-04";2;473.0
10319;"TORTU";7;"1996-10-02";"1996-10-30";"1996-10-11";3;645.0
10320;"WARTH";5;"1996-10-03";"1996-10-17";"1996-10-18";3;3457.0
10321;"ISLAT";3;"1996-10-03";"1996-10-31";"1996-10-11";2;343.0
10322;"PERIC";7;"1996-10-04";"1996-11-01";"1996-10-23";3;4.0
10323;"KOENE";4;"1996-10-07";"1996-11-04";"1996-10-14";1;488.0
10324;"SAVEA";9;"1996-10-08";"1996-11-05";"1996-10-10";1;21427.0
10325;"KOENE";1;"1996-10-09";"1996-10-23";"1996-10-14";3;6486.0
10326;"BOLID";4;"1996-10-10";"1996-11-07";"1996-10-14";2;7792.0
10327;"FOLKO";2;"1996-10-11";"1996-11-08";"1996-10-14";1;6336.0
10328;"FURIB";4;"1996-10-14";"1996-11-11";"1996-10-17";3;8703.0
10329;"SPLIR";4;"1996-10-15";"1996-11-26";"1996-10-23";2;19167.0
10330;"LILAS";3;"1996-10-16";"1996-11-13";"1996-10-28";1;1275.0
10331;"BONAP";9;"1996-10-16";"1996-11-27";"1996-10-21";1;1019.0
10332;"MEREP";3;"1996-10-17";"1996-11-28";"1996-10-21";2;5284.0
10333;"WARTH";5;"1996-10-18";"1996-11-15";"1996-10-25";3;59.0
10334;"VICTE";8;"1996-10-21";"1996-11-18";"1996-10-28";2;856.0
10335;"HUNGO";7;"1996-10-22";"1996-11-19";"1996-10-24";2;4211.0
10336;"PRINI";7;"1996-10-23";"1996-11-20";"1996-10-25";2;1551.0
10337;"FRANK";4;"1996-10-24";"1996-11-21";"1996-10-29";3;10826.0
10338;"OLDWO";4;"1996-10-25";"1996-11-22";"1996-10-29";3;8421.0
10339;"MEREP";2;"1996-10-28";"1996-11-25";"1996-11-04";2;1566.0
10340;"BONAP";1;"1996-10-29";"1996-11-26";"1996-11-08";3;16631.0
10341;"SIMOB";7;"1996-10-29";"1996-11-26";"1996-11-05";3;2678.0
10342;"FRANK";4;"1996-10-30";"1996-11-13";"1996-11-04";2;5483.0
10343;"LEHMS";4;"1996-10-31";"1996-11-28";"1996-11-06";1;11037.0
10344;"WHITC";4;"1996-11-01";"1996-11-29";"1996-11-05";2;2329.0
10345;"QUICK";2;"1996-11-04";"1996-12-02";"1996-11-11";2;24906.0
10346;"RATTC";3;"1996-11-05";"1996-12-17";"1996-11-08";3;14208.0
10347;"FAMIA";4;"1996-11-06";"1996-12-04";"1996-11-08";3;31.0
10348;"WANDK";4;"1996-11-07";"1996-12-05";"1996-11-15";2;78.0
10349;"SPLIR";7;"1996-11-08";"1996-12-06";"1996-11-15";1;863.0
10350;"LAMAI";6;"1996-11-11";"1996-12-09";"1996-12-03";2;6419.0
10351;"ERNSH";1;"1996-11-11";"1996-12-09";"1996-11-20";1;16233.0
10352;"FURIB";3;"1996-11-12";"1996-11-26";"1996-11-18";3;13.0
10353;"PICCO";7;"1996-11-13";"1996-12-11";"1996-11-25";3;36063.0
10354;"PERIC";8;"1996-11-14";"1996-12-12";"1996-11-20";3;538.0
10355;"AROUT";6;"1996-11-15";"1996-12-13";"1996-11-20";1;4195.0
10356;"WANDK";6;"1996-11-18";"1996-12-16";"1996-11-27";2;3671.0
10357;"LILAS";1;"1996-11-19";"1996-12-17";"1996-12-02";3;3488.0
10358;"LAMAI";5;"1996-11-20";"1996-12-18";"1996-11-27";1;1964.0
10359;"SEVES";5;"1996-11-21";"1996-12-19";"1996-11-26";3;28843.0
10360;"BLONP";4;"1996-11-22";"1996-12-20";"1996-12-02";3;1317.0
10361;"QUICK";1;"1996-11-22";"1996-12-20";"1996-12-03";2;18317.0
10362;"BONAP";3;"1996-11-25";"1996-12-23";"1996-11-28";1;9604.0
10363;"DRACD";4;"1996-11-26";"1996-12-24";"1996-12-04";3;3054.0
10364;"EASTC";1;"1996-11-26";"1997-01-07";"1996-12-04";1;7197.0
10365;"ANTON";3;"1996-11-27";"1996-12-25";"1996-12-02";2;22.0
10366;"GALED";8;"1996-11-28";"1997-01-09";"1996-12-30";2;1014.0
10367;"VAFFE";7;"1996-11-28";"1996-12-26";"1996-12-02";3;1355.0
10368;"ERNSH";2;"1996-11-29";"1996-12-27";"1996-12-02";2;10195.0
10369;"SPLIR";8;"1996-12-02";"1996-12-30";"1996-12-09";2;19568.0
10370;"CHOPS";6;"1996-12-03";"1996-12-31";"1996-12-27";2;117.0
10371;"LAMAI";1;"1996-12-03";"1996-12-31";"1996-12-24";1;45.0
10372;"QUEEN";5;"1996-12-04";"1997-01-01";"1996-12-09";2;89078.0
10373;"HUNGO";4;"1996-12-05";"1997-01-02";"1996-12-11";3;12412.0
10374;"WOLZA";1;"1996-12-05";"1997-01-02";"1996-12-09";3;394.0
10375;"HUNGC";3;"1996-12-06";"1997-01-03";"1996-12-09";2;2012.0
10376;"MEREP";1;"1996-12-09";"1997-01-06";"1996-12-13";2;2039.0
10377;"SEVES";1;"1996-12-09";"1997-01-06";"1996-12-13";3;2221.0
10378;"FOLKO";5;"1996-12-10";"1997-01-07";"1996-12-19";3;544.0
10379;"QUEDE";2;"1996-12-11";"1997-01-08";"1996-12-13";1;4503.0
10380;"HUNGO";8;"1996-12-12";"1997-01-09";"1997-01-16";3;3503.0
10381;"LILAS";3;"1996-12-12";"1997-01-09";"1996-12-13";3;799.0
10382;"ERNSH";4;"1996-12-13";"1997-01-10";"1996-12-16";1;9477.0
10383;"AROUT";8;"1996-12-16";"1997-01-13";"1996-12-18";3;3424.0
10384;"BERGS";3;"1996-12-16";"1997-01-13";"1996-12-20";3;16864.0
10385;"SPLIR";1;"1996-12-17";"1997-01-14";"1996-12-23";2;3096.0
10386;"FAMIA";9;"1996-12-18";"1997-01-01";"1996-12-25";3;1399.0
10387;"SANTG";1;"1996-12-18";"1997-01-15";"1996-12-20";2;9363.0
10388;"SEVES";2;"1996-12-19";"1997-01-16";"1996-12-20";1;3486.0
10389;"BOTTM";4;"1996-12-20";"1997-01-17";"1996-12-24";2;4742.0
10390;"ERNSH";6;"1996-12-23";"1997-01-20";"1996-12-26";1;12638.0
10391;"DRACD";3;"1996-12-23";"1997-01-20";"1996-12-31";3;545.0
10392;"PICCO";2;"1996-12-24";"1997-01-21";"1997-01-01";3;12246.0
10393;"SAVEA";1;"1996-12-25";"1997-01-22";"1997-01-03";3;12656.0
10394;"HUNGC";1;"1996-12-25";"1997-01-22";"1997-01-03";3;3034.0
10395;"HILAA";6;"1996-12-26";"1997-01-23";"1997-01-03";1;18441.0
10396;"FRANK";1;"1996-12-27";"1997-01-10";"1997-01-06";3;13535.0
10397;"PRINI";5;"1996-12-27";"1997-01-24";"1997-01-02";1;6026.0
10398;"SAVEA";2;"1996-12-30";"1997-01-27";"1997-01-09";3;8916.0
10399;"VAFFE";8;"1996-12-31";"1997-01-14";"1997-01-08";3;2736.0
10400;"EASTC";1;"1997-01-01";"1997-01-29";"1997-01-16";3;8393.0
10401;"RATTC";1;"1997-01-01";"1997-01-29";"1997-01-10";1;1251.0
10402;"ERNSH";8;"1997-01-02";"1997-02-13";"1997-01-10";2;6788.0
10403;"ERNSH";4;"1997-01-03";"1997-01-31";"1997-01-09";3;7379.0
10404;"MAGAA";2;"1997-01-03";"1997-01-31";"1997-01-08";1;15597.0
10405;"LINOD";1;"1997-01-06";"1997-02-03";"1997-01-22";1;3482.0
10406;"QUEEN";7;"1997-01-07";"1997-02-18";"1997-01-13";1;10804.0
10407;"OTTIK";2;"1997-01-07";"1997-02-04";"1997-01-30";2;9148.0
10408;"FOLIG";8;"1997-01-08";"1997-02-05";"1997-01-14";1;1126.0
10409;"OCEAN";3;"1997-01-09";"1997-02-06";"1997-01-14";1;2983.0
10410;"BOTTM";3;"1997-01-10";"1997-02-07";"1997-01-15";3;24.0
10411;"BOTTM";9;"1997-01-10";"1997-02-07";"1997-01-21";3;2365.0
10412;"WARTH";8;"1997-01-13";"1997-02-10";"1997-01-15";2;377.0
10413;"LAMAI";3;"1997-01-14";"1997-02-11";"1997-01-16";2;9566.0
10414;"FAMIA";2;"1997-01-14";"1997-02-11";"1997-01-17";3;2148.0
10415;"HUNGC";3;"1997-01-15";"1997-02-12";"1997-01-24";1;2.0
10416;"WARTH";8;"1997-01-16";"1997-02-13";"1997-01-27";3;2272.0
10417;"SIMOB";4;"1997-01-16";"1997-02-13";"1997-01-28";3;7029.0
10418;"QUICK";4;"1997-01-17";"1997-02-14";"1997-01-24";1;1755.0
10419;"RICSU";4;"1997-01-20";"1997-02-17";"1997-01-30";2;13735.0
10420;"WELLI";3;"1997-01-21";"1997-02-18";"1997-01-27";1;4412.0
10421;"QUEDE";8;"1997-01-21";"1997-03-04";"1997-01-27";1;9923.0
10422;"FRANS";2;"1997-01-22";"1997-02-19";"1997-01-31";1;302.0
10423;"GOURL";6;"1997-01-23";"1997-02-06";"1997-02-24";3;245.0
10424;"MEREP";7;"1997-01-23";"1997-02-20";"1997-01-27";2;37061.0
10425;"LAMAI";6;"1997-01-24";"1997-02-21";"1997-02-14";2;793.0
10426;"GALED";4;"1997-01-27";"1997-02-24";"1997-02-06";1;1869.0
10427;"PICCO";4;"1997-01-27";"1997-02-24";"1997-03-03";2;3129.0
10428;"REGGC";7;"1997-01-28";"1997-02-25";"1997-02-04";1;1109.0
10429;"HUNGO";3;"1997-01-29";"1997-03-12";"1997-02-07";2;5663.0
10430;"ERNSH";4;"1997-01-30";"1997-02-13";"1997-02-03";1;45878.0
10431;"BOTTM";4;"1997-01-30";"1997-02-13";"1997-02-07";2;4417.0
10432;"SPLIR";3;"1997-01-31";"1997-02-14";"1997-02-07";2;434.0
10433;"PRINI";3;"1997-02-03";"1997-03-03";"1997-03-04";3;7383.0
10434;"FOLKO";3;"1997-02-03";"1997-03-03";"1997-02-13";2;1792.0
10435;"CONSH";8;"1997-02-04";"1997-03-18";"1997-02-07";2;921.0
10436;"BLONP";3;"1997-02-05";"1997-03-05";"1997-02-11";2;15666.0
10437;"WARTH";8;"1997-02-05";"1997-03-05";"1997-02-12";1;1997.0
10438;"TOMSP";3;"1997-02-06";"1997-03-06";"1997-02-14";2;824.0
10439;"MEREP";6;"1997-02-07";"1997-03-07";"1997-02-10";3;407.0
10440;"SAVEA";4;"1997-02-10";"1997-03-10";"1997-02-28";2;8653.0
10441;"OLDWO";3;"1997-02-10";"1997-03-24";"1997-03-14";2;7302.0
10442;"ERNSH";3;"1997-02-11";"1997-03-11";"1997-02-18";2;4794.0
10443;"REGGC";8;"1997-02-12";"1997-03-12";"1997-02-14";1;1395.0
10444;"BERGS";3;"1997-02-12";"1997-03-12";"1997-02-21";3;35.0
10445;"BERGS";3;"1997-02-13";"1997-03-13";"1997-02-20";1;93.0
10446;"TOMSP";6;"1997-02-14";"1997-03-14";"1997-02-19";1;1468.0
10447;"RICAR";4;"1997-02-14";"1997-03-14";"1997-03-07";2;6866.0
10448;"RANCH";4;"1997-02-17";"1997-03-17";"1997-02-24";2;3882.0
10449;"BLONP";3;"1997-02-18";"1997-03-18";"1997-02-27";2;533.0
10450;"VICTE";8;"1997-02-19";"1997-03-19";"1997-03-11";2;723.0
10451;"QUICK";4;"1997-02-19";"1997-03-05";"1997-03-12";3;18909.0
10452;"SAVEA";8;"1997-02-20";"1997-03-20";"1997-02-26";1;14026.0
10453;"AROUT";1;"1997-02-21";"1997-03-21";"1997-02-26";2;2536.0
10454;"LAMAI";4;"1997-02-21";"1997-03-21";"1997-02-25";3;274.0
10455;"WARTH";8;"1997-02-24";"1997-04-07";"1997-03-03";2;18045.0
10456;"KOENE";8;"1997-02-25";"1997-04-08";"1997-02-28";2;812.0
10457;"KOENE";2;"1997-02-25";"1997-03-25";"1997-03-03";1;1157.0
10458;"SUPRD";7;"1997-02-26";"1997-03-26";"1997-03-04";3;14706.0
10459;"VICTE";4;"1997-02-27";"1997-03-27";"1997-02-28";2;2509.0
10460;"FOLKO";8;"1997-02-28";"1997-03-28";"1997-03-03";1;1627.0
10461;"LILAS";1;"1997-02-28";"1997-03-28";"1997-03-05";3;14861.0
10462;"CONSH";2;"1997-03-03";"1997-03-31";"1997-03-18";1;617.0
10463;"SUPRD";5;"1997-03-04";"1997-04-01";"1997-03-06";3;1478.0
10464;"FURIB";4;"1997-03-04";"1997-04-01";"1997-03-14";2;89.0
10465;"VAFFE";1;"1997-03-05";"1997-04-02";"1997-03-14";3;14504.0
10466;"COMMI";4;"1997-03-06";"1997-04-03";"1997-03-13";1;1193.0
10467;"MAGAA";8;"1997-03-06";"1997-04-03";"1997-03-11";2;493.0
10468;"KOENE";3;"1997-03-07";"1997-04-04";"1997-03-12";3;4412.0
10469;"WHITC";1;"1997-03-10";"1997-04-07";"1997-03-14";1;6018.0
10470;"BONAP";4;"1997-03-11";"1997-04-08";"1997-03-14";2;6456.0
10471;"BSBEV";2;"1997-03-11";"1997-04-08";"1997-03-18";3;4559.0
10472;"SEVES";8;"1997-03-12";"1997-04-09";"1997-03-19";1;42.0
10473;"ISLAT";1;"1997-03-13";"1997-03-27";"1997-03-21";3;1637.0
10474;"PERIC";5;"1997-03-13";"1997-04-10";"1997-03-21";2;8349.0
10475;"SUPRD";9;"1997-03-14";"1997-04-11";"1997-04-04";1;6852.0
10476;"HILAA";8;"1997-03-17";"1997-04-14";"1997-03-24";3;441.0
10477;"PRINI";5;"1997-03-17";"1997-04-14";"1997-03-25";2;1302.0
10478;"VICTE";2;"1997-03-18";"1997-04-01";"1997-03-26";3;481.0
10479;"RATTC";3;"1997-03-19";"1997-04-16";"1997-03-21";3;70895.0
10480;"FOLIG";6;"1997-03-20";"1997-04-17";"1997-03-24";2;135.0
10481;"RICAR";8;"1997-03-20";"1997-04-17";"1997-03-25";2;6433.0
10482;"LAZYK";1;"1997-03-21";"1997-04-18";"1997-04-10";3;748.0
10483;"WHITC";7;"1997-03-24";"1997-04-21";"1997-04-25";2;1528.0
10484;"BSBEV";3;"1997-03-24";"1997-04-21";"1997-04-01";3;688.0
10485;"LINOD";4;"1997-03-25";"1997-04-08";"1997-03-31";2;6445.0
10486;"HILAA";1;"1997-03-26";"1997-04-23";"1997-04-02";2;3053.0
10487;"QUEEN";2;"1997-03-26";"1997-04-23";"1997-03-28";2;7107.0
10488;"FRANK";8;"1997-03-27";"1997-04-24";"1997-04-02";2;493.0
10489;"PICCO";6;"1997-03-28";"1997-04-25";"1997-04-09";2;529.0
10490;"HILAA";7;"1997-03-31";"1997-04-28";"1997-04-03";2;21019.0
10491;"FURIB";8;"1997-03-31";"1997-04-28";"1997-04-08";3;1696.0
10492;"BOTTM";3;"1997-04-01";"1997-04-29";"1997-04-11";1;6289.0
10493;"LAMAI";4;"1997-04-02";"1997-04-30";"1997-04-10";3;1064.0
10494;"COMMI";4;"1997-04-02";"1997-04-30";"1997-04-09";2;6599.0
10495;"LAUGB";3;"1997-04-03";"1997-05-01";"1997-04-11";3;465.0
10496;"TRADH";7;"1997-04-04";"1997-05-02";"1997-04-07";2;4677.0
10497;"LEHMS";7;"1997-04-04";"1997-05-02";"1997-04-07";1;3621.0
10498;"HILAA";8;"1997-04-07";"1997-05-05";"1997-04-11";2;2975.0
10499;"LILAS";4;"1997-04-08";"1997-05-06";"1997-04-16";2;10202.0
10500;"LAMAI";6;"1997-04-09";"1997-05-07";"1997-04-17";1;4268.0
10501;"BLAUS";9;"1997-04-09";"1997-05-07";"1997-04-16";3;885.0
10502;"PERIC";2;"1997-04-10";"1997-05-08";"1997-04-29";1;6932.0
10503;"HUNGO";6;"1997-04-11";"1997-05-09";"1997-04-16";2;1674.0
10504;"WHITC";4;"1997-04-11";"1997-05-09";"1997-04-18";3;5913.0
10505;"MEREP";3;"1997-04-14";"1997-05-12";"1997-04-21";3;713.0
10506;"KOENE";9;"1997-04-15";"1997-05-13";"1997-05-02";2;2119.0
10507;"ANTON";7;"1997-04-15";"1997-05-13";"1997-04-22";1;4745.0
10508;"OTTIK";1;"1997-04-16";"1997-05-14";"1997-05-13";2;499.0
10509;"BLAUS";4;"1997-04-17";"1997-05-15";"1997-04-29";1;15.0
10510;"SAVEA";6;"1997-04-18";"1997-05-16";"1997-04-28";3;36763.0
10511;"BONAP";4;"1997-04-18";"1997-05-16";"1997-04-21";3;35064.0
10512;"FAMIA";7;"1997-04-21";"1997-05-19";"1997-04-24";2;353.0
10513;"WANDK";7;"1997-04-22";"1997-06-03";"1997-04-28";1;10565.0
10514;"ERNSH";3;"1997-04-22";"1997-05-20";"1997-05-16";2;78995.0
10515;"QUICK";2;"1997-04-23";"1997-05-07";"1997-05-23";1;20447.0
10516;"HUNGO";2;"1997-04-24";"1997-05-22";"1997-05-01";3;6278.0
10517;"NORTS";3;"1997-04-24";"1997-05-22";"1997-04-29";3;3207.0
10518;"TORTU";4;"1997-04-25";"1997-05-09";"1997-05-05";2;21815.0
10519;"CHOPS";6;"1997-04-28";"1997-05-26";"1997-05-01";3;9176.0
10520;"SANTG";7;"1997-04-29";"1997-05-27";"1997-05-01";1;1337.0
10521;"CACTU";8;"1997-04-29";"1997-05-27";"1997-05-02";2;1722.0
10522;"LEHMS";4;"1997-04-30";"1997-05-28";"1997-05-06";1;4533.0
10523;"SEVES";7;"1997-05-01";"1997-05-29";"1997-05-30";2;7763.0
10524;"BERGS";1;"1997-05-01";"1997-05-29";"1997-05-07";2;24479.0
10525;"BONAP";1;"1997-05-02";"1997-05-30";"1997-05-23";2;1106.0
10526;"WARTH";4;"1997-05-05";"1997-06-02";"1997-05-15";2;5859.0
10527;"QUICK";7;"1997-05-05";"1997-06-02";"1997-05-07";1;419.0
10528;"GREAL";6;"1997-05-06";"1997-05-20";"1997-05-09";2;335.0
10529;"MAISD";5;"1997-05-07";"1997-06-04";"1997-05-09";2;6669.0
10530;"PICCO";3;"1997-05-08";"1997-06-05";"1997-05-12";2;33922.0
10531;"OCEAN";7;"1997-05-08";"1997-06-05";"1997-05-19";1;812.0
10532;"EASTC";7;"1997-05-09";"1997-06-06";"1997-05-12";3;7446.0
10533;"FOLKO";8;"1997-05-12";"1997-06-09";"1997-05-22";1;18804.0
10534;"LEHMS";8;"1997-05-12";"1997-06-09";"1997-05-14";2;2794.0
10535;"ANTON";4;"1997-05-13";"1997-06-10";"1997-05-21";1;1564.0
10536;"LEHMS";3;"1997-05-14";"1997-06-11";"1997-06-06";2;5888.0
10537;"RICSU";1;"1997-05-14";"1997-05-28";"1997-05-19";1;7885.0
10538;"BSBEV";9;"1997-05-15";"1997-06-12";"1997-05-16";3;487.0
10539;"BSBEV";6;"1997-05-16";"1997-06-13";"1997-05-23";3;1236.0
10540;"QUICK";3;"1997-05-19";"1997-06-16";"1997-06-13";3;100764.0
10541;"HANAR";2;"1997-05-19";"1997-06-16";"1997-05-29";1;6865.0
10542;"KOENE";1;"1997-05-20";"1997-06-17";"1997-05-26";3;1095.0
10543;"LILAS";8;"1997-05-21";"1997-06-18";"1997-05-23";2;4817.0
10544;"LONEP";4;"1997-05-21";"1997-06-18";"1997-05-30";1;2491.0
10545;"LAZYK";8;"1997-05-22";"1997-06-19";"1997-06-26";2;1192.0
10546;"VICTE";1;"1997-05-23";"1997-06-20";"1997-05-27";3;19472.0
10547;"SEVES";3;"1997-05-23";"1997-06-20";"1997-06-02";2;17843.0
10548;"TOMSP";3;"1997-05-26";"1997-06-23";"1997-06-02";2;143.0
10549;"QUICK";5;"1997-05-27";"1997-06-10";"1997-05-30";1;17124.0
10550;"GODOS";7;"1997-05-28";"1997-06-25";"1997-06-06";3;432.0
10551;"FURIB";4;"1997-05-28";"1997-07-09";"1997-06-06";3;7295.0
10552;"HILAA";2;"1997-05-29";"1997-06-26";"1997-06-05";1;8322.0
10553;"WARTH";2;"1997-05-30";"1997-06-27";"1997-06-03";2;14949.0
10554;"OTTIK";4;"1997-05-30";"1997-06-27";"1997-06-05";3;12097.0
10555;"SAVEA";6;"1997-06-02";"1997-06-30";"1997-06-04";3;25249.0
10556;"SIMOB";2;"1997-06-03";"1997-07-15";"1997-06-13";1;98.0
10557;"LEHMS";9;"1997-06-03";"1997-06-17";"1997-06-06";2;9672.0
10558;"AROUT";1;"1997-06-04";"1997-07-02";"1997-06-10";2;7297.0
10559;"BLONP";6;"1997-06-05";"1997-07-03";"1997-06-13";1;805.0
10560;"FRANK";8;"1997-06-06";"1997-07-04";"1997-06-09";1;3665.0
10561;"FOLKO";2;"1997-06-06";"1997-07-04";"1997-06-09";2;24221.0
10562;"REGGC";1;"1997-06-09";"1997-07-07";"1997-06-12";1;2295.0
10563;"RICAR";2;"1997-06-10";"1997-07-22";"1997-06-24";2;6043.0
10564;"RATTC";4;"1997-06-10";"1997-07-08";"1997-06-16";3;1375.0
10565;"MEREP";8;"1997-06-11";"1997-07-09";"1997-06-18";2;715.0
10566;"BLONP";9;"1997-06-12";"1997-07-10";"1997-06-18";1;884.0
10567;"HUNGO";1;"1997-06-12";"1997-07-10";"1997-06-17";1;3397.0
10568;"GALED";3;"1997-06-13";"1997-07-11";"1997-07-09";3;654.0
10569;"RATTC";5;"1997-06-16";"1997-07-14";"1997-07-11";1;5898.0
10570;"MEREP";3;"1997-06-17";"1997-07-15";"1997-06-19";3;18899.0
10571;"ERNSH";8;"1997-06-17";"1997-07-29";"1997-07-04";3;2606.0
10572;"BERGS";3;"1997-06-18";"1997-07-16";"1997-06-25";2;11643.0
10573;"ANTON";7;"1997-06-19";"1997-07-17";"1997-06-20";3;8484.0
10574;"TRAIH";4;"1997-06-19";"1997-07-17";"1997-06-30";2;376.0
10575;"MORGK";5;"1997-06-20";"1997-07-04";"1997-06-30";1;12734.0
10576;"TORTU";3;"1997-06-23";"1997-07-07";"1997-06-30";3;1856.0
10577;"TRAIH";9;"1997-06-23";"1997-08-04";"1997-06-30";2;2541.0
10578;"BSBEV";4;"1997-06-24";"1997-07-22";"1997-07-25";3;296.0
10579;"LETSS";1;"1997-06-25";"1997-07-23";"1997-07-04";2;1373.0
10580;"OTTIK";4;"1997-06-26";"1997-07-24";"1997-07-01";3;7589.0
10581;"FAMIA";3;"1997-06-26";"1997-07-24";"1997-07-02";1;301.0
10582;"BLAUS";3;"1997-06-27";"1997-07-25";"1997-07-14";2;2771.0
10583;"WARTH";2;"1997-06-30";"1997-07-28";"1997-07-04";2;728.0
10584;"BLONP";4;"1997-06-30";"1997-07-28";"1997-07-04";1;5914.0
10585;"WELLI";7;"1997-07-01";"1997-07-29";"1997-07-10";1;1341.0
10586;"REGGC";9;"1997-07-02";"1997-07-30";"1997-07-09";1;48.0
10587;"QUEDE";1;"1997-07-02";"1997-07-30";"1997-07-09";1;6252.0
10588;"QUICK";2;"1997-07-03";"1997-07-31";"1997-07-10";3;19467.0
10589;"GREAL";8;"1997-07-04";"1997-08-01";"1997-07-14";2;442.0
10590;"MEREP";4;"1997-07-07";"1997-08-04";"1997-07-14";3;4477.0
10591;"VAFFE";1;"1997-07-07";"1997-07-21";"1997-07-16";1;5592.0
10592;"LEHMS";3;"1997-07-08";"1997-08-05";"1997-07-16";1;321.0
10593;"LEHMS";7;"1997-07-09";"1997-08-06";"1997-08-13";2;1742.0
10594;"OLDWO";3;"1997-07-09";"1997-08-06";"1997-07-16";2;524.0
10595;"ERNSH";2;"1997-07-10";"1997-08-07";"1997-07-14";1;9678.0
10596;"WHITC";8;"1997-07-11";"1997-08-08";"1997-08-12";1;1634.0
10597;"PICCO";7;"1997-07-11";"1997-08-08";"1997-07-18";3;3512.0
10598;"RATTC";1;"1997-07-14";"1997-08-11";"1997-07-18";3;4442.0
10599;"BSBEV";6;"1997-07-15";"1997-08-26";"1997-07-21";3;2998.0
10600;"HUNGC";4;"1997-07-16";"1997-08-13";"1997-07-21";1;4513.0
10601;"HILAA";7;"1997-07-16";"1997-08-27";"1997-07-22";1;583.0
10602;"VAFFE";8;"1997-07-17";"1997-08-14";"1997-07-22";2;292.0
10603;"SAVEA";8;"1997-07-18";"1997-08-15";"1997-08-08";2;4877.0
10604;"FURIB";1;"1997-07-18";"1997-08-15";"1997-07-29";1;746.0
10605;"MEREP";1;"1997-07-21";"1997-08-18";"1997-07-29";2;37913.0
10606;"TRADH";4;"1997-07-22";"1997-08-19";"1997-07-31";3;794.0
10607;"SAVEA";5;"1997-07-22";"1997-08-19";"1997-07-25";1;20024.0
10608;"TOMSP";4;"1997-07-23";"1997-08-20";"1997-08-01";2;2779.0
10609;"DUMON";7;"1997-07-24";"1997-08-21";"1997-07-30";2;185.0
10610;"LAMAI";8;"1997-07-25";"1997-08-22";"1997-08-06";1;2678.0
10611;"WOLZA";6;"1997-07-25";"1997-08-22";"1997-08-01";2;8065.0
10612;"SAVEA";1;"1997-07-28";"1997-08-25";"1997-08-01";2;54408.0
10613;"HILAA";4;"1997-07-29";"1997-08-26";"1997-08-01";2;811.0
10614;"BLAUS";8;"1997-07-29";"1997-08-26";"1997-08-01";3;193.0
10615;"WILMK";2;"1997-07-30";"1997-08-27";"1997-08-06";3;75.0
10616;"GREAL";1;"1997-07-31";"1997-08-28";"1997-08-05";2;11653.0
10617;"GREAL";4;"1997-07-31";"1997-08-28";"1997-08-04";2;1853.0
10618;"MEREP";1;"1997-08-01";"1997-09-12";"1997-08-08";1;15468.0
10619;"MEREP";3;"1997-08-04";"1997-09-01";"1997-08-07";3;9105.0
10620;"LAUGB";2;"1997-08-05";"1997-09-02";"1997-08-14";3;94.0
10621;"ISLAT";4;"1997-08-05";"1997-09-02";"1997-08-11";2;2373.0
10622;"RICAR";4;"1997-08-06";"1997-09-03";"1997-08-11";3;5097.0
10623;"FRANK";8;"1997-08-07";"1997-09-04";"1997-08-12";2;9718.0
10624;"THECR";4;"1997-08-07";"1997-09-04";"1997-08-19";2;948.0
10625;"ANATR";3;"1997-08-08";"1997-09-05";"1997-08-14";1;439.0
